<film copyable="0" duration="0.3" published="1" pshare="1">
  <meta>
    <title><![CDATA[nas.tyahm.ede's Animation]]></title>
    <tag><![CDATA[]]></tag>
    <hiddenTag><![CDATA[]]></hiddenTag>
    <desc><![CDATA[]]></desc>
    <mver><![CDATA[4]]></mver>
    <studio>d7446f28669693f5b7a35d41831e43c3662c48bf</studio>
    <thumbnail index="0"/>
    <palette>
      <color value="333333"/>
      <color value="999999"/>
      <color value="fbfbfb"/>
      <color value="669999"/>
      <color value="55bbaa"/>
      <color value="7fbb11"/>
      <color value="15709b"/>
      <color value="9a5d1"/>
      <color value="6ab8d6"/>
      <color value="da2021"/>
      <color value="fecd31"/>
      <color value="28c6c1"/>
      <color value="37444f"/>
    </palette>
  </meta>
  <scene id="SCENE1" adelay="6" lock="N" index="0" color="16777215" guid="C00F4ADC-B729-C9E5-346B-D1B7CA3C0881">
    <durationSetting countMinimum="0" countTransition="0" countAction="0" countBubble="0" countSpeech="1"/>
    <effectAsset id="EFFECT2" themecode="common" index="1">
      <effect x="0" y="0" w="550" h="354" rotate="0" id="cut" type="ZOOM" isCut="true" isPan="false"/>
      <x>47</x>
      <y>24</y>
      <width>550</width>
      <height>354</height>
      <speech>0</speech>
    </effectAsset>
  </scene>
</film > 