<?xml version="1.0" encoding="utf-8"?>
<theme id="ugc" name="ugc">
    <char id="284733506" name="Untitled" published="0" facing="left" thumb="stand.xml" default="stand.xml" motion="walk.xml" isCC="Y" is_premium="N" money="0" sharing="0" cc_theme_id="family"><tags/><action id="stand.xml" name="Stand" loop="Y" totalframe="1" enable="Y"/><motion id="walk.xml" name="Walk" loop="Y" totalframe="24" enable="Y"/><motion id="run.xml" name="Run" loop="Y" totalframe="20" enable="Y"/><action id="sit.xml" name="Sit" loop="Y" totalframe="1" enable="Y"/><action id="lie.xml" name="Lie down" loop="Y" totalframe="1" enable="Y"/><action id="kneel.xml" name="Kneel down" loop="Y" totalframe="1" enable="Y"/><action id="xarms.xml" name="Crossed arms" loop="Y" totalframe="1" enable="Y"/><category name="emotion"><action id="excited.xml" name="Excited / Cheers" loop="Y" totalframe="80" enable="Y"/><action id="taunt.xml" name="Taunt" loop="Y" totalframe="60" enable="Y"/><action id="chuckle.xml" name="Chuckle" loop="Y" totalframe="6" enable="Y"/><action id="laugh.xml" name="Laugh" loop="Y" totalframe="6" enable="Y"/><action id="sad.xml" name="Sad" loop="Y" totalframe="60" enable="Y"/><action id="fearful.xml" name="Fearful" loop="Y" totalframe="60" enable="Y"/></category><action id="pt_at.xml" name="Point at" loop="Y" totalframe="30" enable="Y"/><action id="talk_phone.xml" name="Talk on phone" loop="Y" totalframe="115" enable="Y"/><action id="dance.xml" name="Dance" loop="Y" totalframe="23" enable="Y"/><action id="talk.xml" name="Talk" loop="Y" totalframe="100" enable="Y"/><facial id="head_talk_a.xml" name="Talk neutral A" enable="Y"/><facial id="head_talk_b.xml" name="Talk neutral B" enable="Y"/><facial id="head_talk_angry.xml" name="Talk angry" enable="Y"/><facial id="head_talk_happy.xml" name="Talk happy" enable="Y"/><facial id="head_talk_sad.xml" name="Talk sad" enable="Y"/><facial id="head_happy.xml" name="Happy" enable="Y"/><facial id="head_sad.xml" name="Sad" enable="Y"/><facial id="head_angry.xml" name="Angry" enable="Y"/><facial id="head_neutral.xml" name="Neutral" enable="Y"/><facial id="head_laugh.xml" name="Laugh" enable="Y"/><facial id="head_cry.xml" name="Cry" enable="Y"/><facial id="head_shocked.xml" name="Shocked" enable="Y"/><facial id="head_surprised.xml" name="Surprised" enable="Y"/><facial id="head_thinking.xml" name="Thinking" enable="Y"/><facial id="head_sick.xml" name="Sick" enable="Y"/><facial id="head_asleep.xml" name="Asleep" enable="Y"/><facial id="head_yawn.xml" name="Yawn" enable="Y"/><facial id="head_chewing.xml" name="Chewing" enable="Y"/><facial id="head_disgusted.xml" name="Disgusted" enable="Y"/><facial id="head_schemeing.xml" name="Schemeing" enable="Y"/><facial id="head_talk_cry.xml" name="Talk while crying" enable="Y"/><facial id="head_taunt.xml" name="Taunt" enable="Y"/><colorset enable="Y"><color r="ccSkinColor" oc="0xFFE1C4">0xFFCE95</color><color r="ccEyeLib">0xFFCE95</color><color r="ccEyeIris">0x000000</color><color r="ccGlassesFrame">0xBE10B0</color><color r="ccGlassesLens">0x737373</color><color r="ccMouthLip">0x891258</color><color r="ccMustache">0x000000</color><color r="ccBeard">0xFFFFFF</color><color r="ccEyebrow">0x996633</color><color r="ccUpperMain" oc="0x336699">0xF2D814</color><color r="ccUpperMinor" oc="0xE5E5E5">0xF8CFCF</color><color r="ccLowerMain" oc="0xCCBC9A">0x1803FF</color><color r="ccLowerMinor" oc="0xEEEEEE">0xFF0000</color></colorset><c_parts><c_area oc="0xFFE1C4">ccSkinColor</c_area><c_area>ccEyeLib</c_area><c_area>ccEyeIris</c_area><c_area>ccGlassesFrame</c_area><c_area>ccGlassesLens</c_area><c_area>ccMouthLip</c_area><c_area>ccMustache</c_area><c_area>ccBeard</c_area><c_area>ccEyebrow</c_area><c_area oc="0x336699">ccUpperMain</c_area><c_area oc="0xE5E5E5">ccUpperMinor</c_area><c_area oc="0xCCBC9A">ccLowerMain</c_area><c_area oc="0xEEEEEE">ccLowerMinor</c_area></c_parts></char>
    <char id="284733881" name="Untitled" published="0" facing="left" thumb="stand.xml" default="stand.xml" motion="walk.xml" isCC="Y" is_premium="N" money="0" sharing="0" cc_theme_id="family"><tags/><action id="stand.xml" name="Stand" loop="Y" totalframe="1" enable="Y"/><motion id="walk.xml" name="Walk" loop="Y" totalframe="24" enable="Y"/><motion id="run.xml" name="Run" loop="Y" totalframe="20" enable="Y"/><action id="sit.xml" name="Sit" loop="Y" totalframe="1" enable="Y"/><action id="lie.xml" name="Lie down" loop="Y" totalframe="1" enable="Y"/><action id="kneel.xml" name="Kneel down" loop="Y" totalframe="1" enable="Y"/><action id="xarms.xml" name="Crossed arms" loop="Y" totalframe="1" enable="Y"/><category name="emotion"><action id="excited.xml" name="Excited / Cheers" loop="Y" totalframe="80" enable="Y"/><action id="taunt.xml" name="Taunt" loop="Y" totalframe="60" enable="Y"/><action id="chuckle.xml" name="Chuckle" loop="Y" totalframe="6" enable="Y"/><action id="laugh.xml" name="Laugh" loop="Y" totalframe="6" enable="Y"/><action id="sad.xml" name="Sad" loop="Y" totalframe="60" enable="Y"/><action id="fearful.xml" name="Fearful" loop="Y" totalframe="60" enable="Y"/></category><action id="pt_at.xml" name="Point at" loop="Y" totalframe="30" enable="Y"/><action id="talk_phone.xml" name="Talk on phone" loop="Y" totalframe="115" enable="Y"/><action id="dance.xml" name="Dance" loop="Y" totalframe="23" enable="Y"/><action id="talk.xml" name="Talk" loop="Y" totalframe="100" enable="Y"/><facial id="head_talk_a.xml" name="Talk neutral A" enable="Y"/><facial id="head_talk_b.xml" name="Talk neutral B" enable="Y"/><facial id="head_talk_angry.xml" name="Talk angry" enable="Y"/><facial id="head_talk_happy.xml" name="Talk happy" enable="Y"/><facial id="head_talk_sad.xml" name="Talk sad" enable="Y"/><facial id="head_happy.xml" name="Happy" enable="Y"/><facial id="head_sad.xml" name="Sad" enable="Y"/><facial id="head_angry.xml" name="Angry" enable="Y"/><facial id="head_neutral.xml" name="Neutral" enable="Y"/><facial id="head_laugh.xml" name="Laugh" enable="Y"/><facial id="head_cry.xml" name="Cry" enable="Y"/><facial id="head_shocked.xml" name="Shocked" enable="Y"/><facial id="head_surprised.xml" name="Surprised" enable="Y"/><facial id="head_thinking.xml" name="Thinking" enable="Y"/><facial id="head_sick.xml" name="Sick" enable="Y"/><facial id="head_asleep.xml" name="Asleep" enable="Y"/><facial id="head_yawn.xml" name="Yawn" enable="Y"/><facial id="head_chewing.xml" name="Chewing" enable="Y"/><facial id="head_disgusted.xml" name="Disgusted" enable="Y"/><facial id="head_schemeing.xml" name="Schemeing" enable="Y"/><facial id="head_talk_cry.xml" name="Talk while crying" enable="Y"/><facial id="head_taunt.xml" name="Taunt" enable="Y"/><colorset enable="Y"><color r="ccSkinColor" oc="0xFFE1C4">0xFFCE95</color><color r="ccEyeLib">0xFFCE95</color><color r="ccEyeIris">0x000000</color><color r="ccGlassesFrame">0xBE10B0</color><color r="ccGlassesLens">0x737373</color><color r="ccMouthLip">0x891258</color><color r="ccMustache">0x000000</color><color r="ccBeard">0xFFFFFF</color><color r="ccEyebrow">0x070707</color><color r="ccUpperMain" oc="0x336699">0x5AB738</color><color r="ccUpperMinor" oc="0xE5E5E5">0xFFFFFF</color><color r="ccLowerMain" oc="0xCCBC9A">0x0B3573</color><color r="ccLowerMinor" oc="0xEEEEEE">0xFF0000</color><color r="ccHairMajor">0x8B6F18</color><color r="ccHairMinor">0x8B6F18</color></colorset><c_parts><c_area oc="0xFFE1C4">ccSkinColor</c_area><c_area>ccEyeLib</c_area><c_area>ccEyeIris</c_area><c_area>ccGlassesFrame</c_area><c_area>ccGlassesLens</c_area><c_area>ccMouthLip</c_area><c_area>ccMustache</c_area><c_area>ccBeard</c_area><c_area>ccEyebrow</c_area><c_area oc="0x336699">ccUpperMain</c_area><c_area oc="0xE5E5E5">ccUpperMinor</c_area><c_area oc="0xCCBC9A">ccLowerMain</c_area><c_area oc="0xEEEEEE">ccLowerMinor</c_area><c_area>ccHairMajor</c_area><c_area>ccHairMinor</c_area></c_parts></char>
    <sound subtype="tts" id="284861247.mp3" name="[David] Man, I can't stand living with my dad. ..." enable="Y" duration="7941" downloadtype="progressive" enc_asset_id="0H0AKmZu_FQCybOqn9az0aQ" signature="ReJRB25pyj1uPwkTHn6Q3AU2crwT1Yyl8l9vpK7YEjxNRrIcUdN92J_qBK4CyFGOjr9GhSaTw1b1qeLYS84IF665qUVijG3SQtJyl52aBYC2RlKB_uLmMrTvthsRggbCwPfrqkcn9rPLPYrt3D3mIZC524oLQ0sfeIUftWf6odjEqjKYswF8rbDstq523U"/>
    <sound subtype="tts" id="284861354.mp3" name="[David] I know, I will go to happyland. Which i..." enable="Y" duration="5172" downloadtype="progressive" enc_asset_id="0uYan-M3-YUdqxVOBTmUCag" signature="VcUI78LMOHhCl7_u31LfFQtllFuN1vgN3KVDB37GPAl2jLyQy1P2krni_0JjZBgsrCEHGdxkLjcBHjlb7GxoBrRVjNtuww2TBE+9hfE3wZ98otW+NcP8CQelaLcSC1fB6uoZiPHNlBgTYTN7H+2tDaSlZGvYP2suKpv_fJuShlytXxDRnVOhzNiV7wzWE="/>
    <sound subtype="tts" id="284861544.mp3" name="[David] YAY YAY YAY YAY YAY YAY YAY YAY YAY YAY..." enable="Y" duration="6008" downloadtype="progressive" enc_asset_id="0UXw_EoWWlWZqxVOBTmUCag" signature="x1G4gsum9Q5Vu4UhR+EJmwuJ4ibZTWXA0cKgoND09nGR0_9nGc5AHYJSdgSMTLJrEwInRHG9cMmrKntCAN12NQTrU9e8610eEil+_b3Z0M1hrnnQikWmyQyHd2yDm9cF9IbA6OpYrJxB0fP7vUAO2rynPFOXA7w6N69g8BGyxGUjyGfM+8GCt2ApKdE1VW"/>
    <sound subtype="tts" id="284861649.mp3" name="[David] I got to leave now. They can give me wh..." enable="Y" duration="3605" downloadtype="progressive" enc_asset_id="0dJpkGobtpDwiuQ0JDOFAuw" signature="gU5fD8wH_fPdHBpRfa1WBw6tJpWcgi3_Xy_A_MgoMgZmRNThewSI02My6JD2e0x0cl9zQ_0SKGPaCdaDeCEJK06I0YCMHSrBN2XWYo+S00fC3LbJyStbasy_pWZOV8f6M6ZoP+70OwptwKrbFfQeFBs9lUEFWEWCYXaZ6E6gmoTSMsgEI2ioiyQ644R0jR"/>
    <sound subtype="tts" id="284861909.mp3" name="[Eric] Stop it, caillou. Where do you think you..." enable="Y" duration="3265" downloadtype="progressive" enc_asset_id="0Lmr1uTQ1CL4iuQ0JDOFAuw" signature="+UV4mt2YNTB_Xjpl6nRsJAFYCMxTyLRaRBfNgQLfmNG4ei9Dj2a_BV_8n0cGEJo6F1o1Fn09vNOYRt+Y_+0f_xKpBIYNlPY1FrHKIzVh43kNvCXDq+INM7ScVYcKn0ZStl9uNle+UQq+iw2heQMJH4h3+YLnhTvXoqPUhvykqaG0chUct7HLW4o7oDhLo="/>
    <sound subtype="tts" id="284862011.mp3" name="[David] I am going to happyland, because you al..." enable="Y" duration="4780" downloadtype="progressive" enc_asset_id="0iWsy_v_TmWwtNdXDmM8OWQ" signature="4cWp4Ud8TAY1GRS0Kwz7AAOnfUz_DVrwAGMTfAad1A3wRhdPrEndJEaoRrXrEE4Qm8QIY0bj+tWLdfd51K06qe9OJmyvqE_Z339AOGmyNzgcEL2bvpJBSBQkLSNvzz6eGv9R01TlnByvXYy0bN7A_NqIP1NUQpaAd4LrVSHn3rev2K3FpqjmVa+5aYAW_x"/>
    <sound subtype="tts" id="284862106.mp3" name="[Eric] No you're not. You are coming home with ..." enable="Y" duration="3004" downloadtype="progressive" enc_asset_id="0dbfCrMN0uL7ZBgS1od14mg" signature="hmvO1e0eGFQ3u_GDzdFFnQanP66hvZrF0aMqU5t1EfN7R9MD4VHkuE456AJ7dV+sf9my1xMff_TcmBzQWuw9NiI5O2Qa9OXbc74XN6dKCnLLpKymfnESnY+mPoAelsuiDsrOKN6fXOR5TbGGiTvLDDKJqC_BJNC7k9OD2g51zbC3Wmvx9jwgQBRyVVlWwI"/>
    <sound subtype="tts" id="284862218.mp3" name="[David] No. I am leaving now. Besides I am almo..." enable="Y" duration="4206" downloadtype="progressive" enc_asset_id="0aEH8GJaetcFrwxStLYRCSg" signature="V_i16mw4BwG4kpgXsZjfCAH_v6tqpxJpM3e5uUPhviPaq2G6EwNbzF7Zm73LamMmHDIJJsC6ra4sUkocC0qEBXKf+PSBPuevqAuCqt3ko8x_1wieUDHnNQ1N+Zna0dF0IXp3+g9pBBdpQF++L9ZQAFAekX2Lydyt+8IR4+jpTuQfz7RHcdkSfQ7SEE04T3"/>
    <sound subtype="tts" id="284862407.mp3" name="[Eric] Get back here now." enable="Y" duration="1489" downloadtype="progressive" enc_asset_id="0pt1OzMjcga-ybOqn9az0aQ" signature="xNpHIyfR_LuPvnxuEkH9Lwn+_Br_VdogKYTj3P0wBoI0agNy_aNX0LMT9fi20fd_NxP7Xz5vpVScadCK8FwxvtnKBSSq0vUzvc+oBRiRo7OBVObNadpS9hEr3vMhWAIhGejY7gJDfZwnU+RVzdsYiiahdYP5rlKK65+f21IyNkJhaY3ZCfTXaFE6Ih2Dwg"/>
    <sound subtype="tts" id="284862896.mp3" name="[David] YAY. I made it. And the train to  happy..." enable="Y" duration="5878" downloadtype="progressive" enc_asset_id="0hDpK37GFkcbZBgS1od14mg" signature="eTdsLU5KdAsopTtv7+N5fwJemmFHYAwv2s7bOQxdg0bPAk+Ukmzw53zSWODVmo3Kb5l78OIyGRmN_91RTI7odI3tkoTZAkCWqNUVSw+1GpvnW1pwn+BoU6dLpH2OPQH7seQD7fg8lYCMSmxVETNGzCC6ECAbcXXvj8r7ZtDUfLwq6RJIGzGujbcEOXHH3X"/>
    <sound subtype="tts" id="284863116.mp3" name="[David] Now to get on the train before dad gets..." enable="Y" duration="2873" downloadtype="progressive" enc_asset_id="0J7QiNbcs6GzZBgS1od14mg" signature="dmPDn7JvjN+CxpSXQt6TmgZHOKsFJPxEZHKqLFq5ZWsl9LUzPCK1bHvlTGKKVDD1_1ILEorRrcV03nd5CppY3NlC2Y21BGKgLf5Pa_hw_odmEDWzeNPID7E72oMkz0QSlQXyNWoYl_dRSGJUDv8eDI0rqTds4o0SfyoWeAZvx2O6_oh9DPwPvF7zlmKNA2"/>
    <sound subtype="tts" id="284863574.mp3" name="[David] I did it. No more being grounded from m..." enable="Y" duration="5381" downloadtype="progressive" enc_asset_id="0Ki3YtGgXEHFqxVOBTmUCag" signature="Kptyc9wr9ksy6Rg_rTWMUg62x_qaKHu3d0qN84w_fIEQfkDt+HjGpFLMFdOPkWIztFoRBKRxRTk1gyHX_c3pc10UTnvZKDMGJV7oolhGH15xhpLMcyvqermvLu6wOerxMWZkGI9iLz3BpSKGU3prxJomdmIkI1UvseLtMaWD5P9Vocp6lrBDPuRAwWxOHd"/>
    <sound subtype="tts" id="284863755.mp3" name="[Eric] NO NO NO NO NO NO NO NO NO NO NO NO NO N..." enable="Y" duration="16927" downloadtype="progressive" enc_asset_id="03QNVyeiVXnrGbLd1u6tbAw" signature="LuN0CdEX+f7TMyOqwKm5_gNT0xQHvZUI1DCzkzxe4Xpu4T659OAq2pVTFntmekccGaEbheKAxARucc6M_pD4Wsu204bMHiItxPOAP5WdyTnnY6e+xhdNcnuWTUQKAhZnfVcWzTDka_8WW1LJSjQwrfaMyLpIfLJg55DuyvNf5TVoI2KZIh_vzmoZDZaK6A"/>
    <sound subtype="tts" id="284864953.mp3" name="[Eric] Oh no. I was too late. Caillou already l..." enable="Y" duration="17371" downloadtype="progressive" enc_asset_id="0z2_8DWiNlZDTEEJSpuZAGA" signature="QjdKpVX5VWNBcTZWuunqjAC1pWirb+8i7fJQbt6x+PP55c_X+7nBHuKr66zWwPUlgWua_vP4CFJPP90IInMfnY_zl3LRkwJq7CUAOTxsJD_6vGSV1X70xPlTlpSOuG6IKUvWW+21BnOY2oTOtnQacFWeoPT7dD7ToSSiq4Kgs7gk4_9a9OHjhDAZ1estqh"/>
    <sound subtype="tts" id="284865172.mp3" name="[David] I did it. No more being tortured or gro..." enable="Y" duration="12121" downloadtype="progressive" enc_asset_id="0pLC77DvZJCe5Z_k8TyB-CA" signature="w7vjTZvDYk4m33O6NTIhGwYAGYjICXvXNm08l4bNV6sFhDsL4KbWBo9FtPP+aTI3lnctRmBUS+0R9qWJjY07bluN0MYEAjF3CBDC9xCIqSrKYimSF+Xa+mRByDhAlw3Kb51an0DNDQyktuz8fki+EvvDgP0DMk0g5bXgEprpzJlE34QRcsBfExMYmL5gXS"/>
</theme>