<?xml version="1.0" encoding="utf-8"?>
<cc_char xscale="1" yscale="1" hxscale="1" hyscale="1" headdx="0" headdy="0"><color r="ccSkinColor" oc="0xFFE1C4">0xFFCE95</color><color r="ccEyeLib">0xFFCE95</color><color r="ccEyeIris">0x000000</color><color r="ccGlassesFrame">0x000000</color><color r="ccGlassesLens">0x737373</color><color r="ccMouthLip">0x891258</color><color r="ccMustache">0x000000</color><color r="ccBeard">0xFFFFFF</color><color r="ccEyebrow">0x996633</color><color r="ccUpperMain" oc="0x336699">0x333333</color><color r="ccUpperMinor" oc="0xE5E5E5">0x663333</color><color r="ccLowerMain" oc="0xCCBC9A">0x333333</color><color r="ccLowerMinor" oc="0xEEEEEE">0x666666</color><component type="bodyshape" component_id="adam" theme_id="family" x="0" y="0" xscale="1" yscale="1" offset="0" rotation="0" gobucks="0" gopoints="0"/><component type="skeleton" component_id="adam_001" theme_id="family" x="0" y="0" xscale="1" yscale="1" offset="0" rotation="0" gobucks="0" gopoints="0"/><component type="lower_body" component_id="adam_001" theme_id="family" x="0" y="0" xscale="1" yscale="1" offset="0" rotation="0" gobucks="40" gopoints="0"/><component type="eye" component_id="004" theme_id="family" x="0" y="0" xscale="1" yscale="1" offset="0" rotation="0" gobucks="0" gopoints="0"/><component type="eyebrow" component_id="003" theme_id="family" x="0" y="0" xscale="1" yscale="1" offset="0" rotation="0" gobucks="0" gopoints="0"/><component type="mouth" component_id="001" theme_id="family" x="0" y="-1" xscale="1" yscale="1" offset="0" rotation="0" gobucks="0" gopoints="0"/><component type="upper_body" component_id="adam_003" theme_id="family" x="0" y="0" xscale="1" yscale="1" offset="0" rotation="0" gobucks="75" gopoints="0"/><component type="hair" component_id="033" theme_id="family" x="2" y="-13" xscale="0.96" yscale="0.89" offset="0" rotation="0" gobucks="0" gopoints="0"/><component type="ear" component_id="003" theme_id="family" x="-1" y="-2" xscale="1.29" yscale="1.06" offset="0" rotation="-9" gobucks="0" gopoints="0"/><component type="glasses" component_id="008" theme_id="family" x="0" y="0" xscale="1" yscale="1" offset="0" rotation="0" gobucks="5" gopoints="0"/><component type="nose" component_id="013" theme_id="family" x="0" y="1" xscale="1" yscale="0.93" offset="0" rotation="0" gobucks="0" gopoints="0"/><component type="faceshape" component_id="008" theme_id="family" x="3" y="-5" xscale="1" yscale="1" offset="0" rotation="-3" gobucks="0" gopoints="0"/></cc_char>