<?xml version="1.0" encoding="utf-8"?>
<cc_char><color r="ccSkinColor" oc="0xFFE1C4">0xFFCE95</color><color r="ccEyeLib">0xEBCCA9</color><color r="ccEyeIris">0x000000</color><color r="ccGlassesFrame">0xBE10B0</color><color r="ccGlassesLens">0x737373</color><color r="ccMouthLip">0x891258</color><color r="ccMustache">0x000000</color><color r="ccBeard">0xFFFFFF</color><color r="ccEyebrow">0x45322B</color><color r="ccHairMajor">0x45322B</color><color r="ccHairMinor">0x640F0F</color><color r="ccUpperMain" oc="0x336699">0x0B3573</color><color r="ccUpperMinor" oc="0xE5E5E5">0x333333</color><color r="ccLowerMain" oc="0xCCBC9A">0x0B3573</color><color r="ccLowerMinor" oc="0xEEEEEE">0x333333</color><component type="bodyshape" component_id="adam" theme_id="family" x="0" y="0" xscale="1" yscale="1" offset="0" rotation="0" gobucks="0" gopoints="0"/><component type="skeleton" component_id="adam_001" theme_id="family" x="0" y="0" xscale="1" yscale="1" offset="0" rotation="0" gobucks="0" gopoints="0"/><component type="lower_body" component_id="adam_003" theme_id="family" x="0" y="0" xscale="1" yscale="1" offset="0" rotation="0" gobucks="40" gopoints="0"/><component type="upper_body" component_id="adam_003" theme_id="family" x="0" y="0" xscale="1" yscale="1" offset="0" rotation="0" gobucks="50" gopoints="0"/><component type="nose" component_id="022" theme_id="family" x="-9" y="18" xscale="0.72" yscale="1" offset="0" rotation="4" gobucks="0" gopoints="0"/><component type="eyebrow" component_id="106" theme_id="family" x="-1" y="19" xscale="1.09" yscale="2.18" offset="-2" rotation="12" gobucks="0" gopoints="0"/><component type="hair" component_id="003" theme_id="family" x="-2" y="7" xscale="0.88" yscale="1" offset="0" rotation="6" gobucks="0" gopoints="0"/><component type="ear" component_id="003" theme_id="family" x="-3" y="5" xscale="1" yscale="1" offset="0" rotation="0" gobucks="0" gopoints="0"/><component type="mouth" component_id="001" theme_id="family" x="1" y="0" xscale="1.22" yscale="0.46" offset="0" rotation="-3" gobucks="0" gopoints="0"/><component type="faceshape" component_id="027" theme_id="family" x="0" y="4" xscale="0.92" yscale="0.92" offset="0" rotation="0" gobucks="0" gopoints="0"/><component type="eye" component_id="007" theme_id="family" x="-1" y="17" xscale="1" yscale="0.77" offset="-2" rotation="-3" gobucks="0" gopoints="0"/><component id="ID5501" type="facedecoration" component_id="006" theme_id="family" x="5" y="9" xscale="1" yscale="1" offset="0" rotation="-31" gobucks="5" gopoints="0"/></cc_char>