<?xml version="1.0"?>
<film copyable="0" duration="44.4" published="1">
  <meta>
    <title>GoAnimate It's Happy Bunny</title>
    <tag>It's Happy Bunny</tag>
    <hiddenTag>ugc,378278</hiddenTag>
    <desc>It's Happy Bunny will join GoAnimate soon!  Design your own It's Happy Bunny to create unique animations.  Or have It's Happy Bunny showcases your photos in a slideshow.  Follow GoAnimate on Twitter for details -  http://twitter.com/GoAnimate</desc>
  </meta>
  <scene id="SCENE0" adelay="60" lock="N" index="0">
    <effectAsset id="EFFECT0" index="1">
      <effect id="fade_in.swf" type="ANIME"/>
      <x>47</x>
      <y>24</y>
      <xscale>1</xscale>
      <yscale>1</yscale>
      <file>common.fade_in.swf</file>
    </effectAsset>
  </scene>
  <scene id="SCENE1" adelay="96" lock="Y" index="1">
    <prop id="PROP57" index="1">
      <file>ugc.378274.swf</file>
      <x>534</x>
      <y>207</y>
      <xscale>1</xscale>
      <yscale>1</yscale>
      <face>1</face>
      <rotation>0</rotation>
    </prop>
    <prop id="PROP85" index="2">
      <file>ugc.386649.swf</file>
      <x>349.2</x>
      <y>268</y>
      <xscale>1</xscale>
      <yscale>1</yscale>
      <face>1</face>
      <rotation>0</rotation>
    </prop>
    <prop id="PROP66" index="3">
      <file>ugc.392349.swf</file>
      <x>647.4</x>
      <y>44</y>
      <xscale>1</xscale>
      <yscale>1</yscale>
      <face>1</face>
      <rotation>0</rotation>
    </prop>
    <effectAsset id="EFFECT3" themecode="common" index="4">
      <effect x="0" y="0" w="333.7" h="214.8" rotate="0" id="zoom" type="ZOOM" isCut="false"/>
      <x>59</x>
      <y>71.8</y>
      <st dur="0">1</st>
      <et dur="0">96</et>
    </effectAsset>
  </scene>
  <scene id="SCENE4" adelay="14" lock="Y" index="2">
    <char id="AVATOR127" index="1">
      <action face="1" motionface="1">ugc.378278.378283.swf</action>
      <x>459.6</x>
      <y>294.1</y>
      <xscale>1</xscale>
      <yscale>1</yscale>
      <rotation>0</rotation>
    </char>
    <prop id="PROP11" index="2">
      <file>ugc.378274.swf</file>
      <x>533</x>
      <y>208</y>
      <xscale>1</xscale>
      <yscale>1</yscale>
      <face>1</face>
      <rotation>0</rotation>
    </prop>
    <prop id="PROP62" index="3">
      <file>ugc.386635.swf</file>
      <x>437.6</x>
      <y>166.2</y>
      <xscale>1</xscale>
      <yscale>1</yscale>
      <face>1</face>
      <rotation>0</rotation>
    </prop>
    <prop id="PROP85" index="4">
      <file>ugc.386649.swf</file>
      <x>349.2</x>
      <y>268</y>
      <xscale>1</xscale>
      <yscale>1</yscale>
      <face>1</face>
      <rotation>0</rotation>
    </prop>
    <effectAsset id="EFFECT3" themecode="common" index="5">
      <effect x="0" y="0" w="333.7" h="214.8" rotate="0" id="zoom" type="ZOOM" isCut="false"/>
      <x>59</x>
      <y>71.8</y>
      <st dur="0">1</st>
      <et dur="0">14</et>
    </effectAsset>
  </scene>
  <scene id="SCENE3" adelay="29" lock="Y" index="3">
    <char id="AVATOR127" index="0">
      <action face="1" motionface="1">ugc.378278.378283.swf</action>
      <x>459.6</x>
      <y>294.1</y>
      <xscale>1</xscale>
      <yscale>1</yscale>
      <rotation>0</rotation>
    </char>
    <char id="AVATOR145" index="2">
      <action face="1" motionface="1">ugc.378278.378557.swf</action>
      <x>439.6</x>
      <y>297.1</y>
      <xscale>1</xscale>
      <yscale>1</yscale>
      <rotation>0</rotation>
    </char>
    <bubbleAsset id="BUBBLE555" index="7">
      <x>166</x>
      <y>131.5</y>
      <st>1</st>
      <et>23</et>
      <bubble x="0" y="0" w="260" h="130" rotate="0" type="BOOM">
        <body rgb="16737894" alpha="0.9" linergb="0" tailx="260" taily="130"/>
        <text rgb="0" font="BadaBoom BB" size="72" align="center" bold="false" italic="false">stop!</text>
      </bubble>
    </bubbleAsset>
    <prop id="PROP11" index="1">
      <file>ugc.378274.swf</file>
      <x>533</x>
      <y>208</y>
      <xscale>1</xscale>
      <yscale>1</yscale>
      <face>1</face>
      <rotation>0</rotation>
    </prop>
    <prop id="PROP71" index="3">
      <file>ugc.386635.swf</file>
      <x>437.6,19.6</x>
      <y>166.2,162.2</y>
      <xscale>1,1</xscale>
      <yscale>1,1</yscale>
      <face>1,1</face>
      <rotation>0,0</rotation>
    </prop>
    <prop id="PROP85" index="4">
      <file>ugc.386649.swf</file>
      <x>486.2</x>
      <y>326</y>
      <xscale>1</xscale>
      <yscale>1</yscale>
      <face>1</face>
      <rotation>0</rotation>
    </prop>
    <effectAsset id="EFFECT3" themecode="common" index="8">
      <effect x="0" y="0" w="333.7" h="214.8" rotate="0" id="zoom" type="ZOOM" isCut="false"/>
      <x>201</x>
      <y>130.8</y>
      <st dur="2">2</st>
      <et dur="0">29</et>
    </effectAsset>
    <effectAsset id="EFFECT6" themecode="common" index="9">
      <effect x="0" y="0" w="550" h="354" rotate="0" id="earthquake" type="EARTHQUAKE"/>
      <x>26843591.6</x>
      <y>26843567.6</y>
      <st>14</st>
      <et>24</et>
    </effectAsset>
  </scene>
  <scene id="SCENE29" adelay="19" lock="Y" index="4">
    <char id="AVATOR127" index="1">
      <action face="1" motionface="1">ugc.378278.378283.swf</action>
      <x>459.6</x>
      <y>294.1</y>
      <xscale>1</xscale>
      <yscale>1</yscale>
      <rotation>0</rotation>
    </char>
    <char id="AVATOR766" index="4">
      <action face="1" motionface="1">ugc.378278.378557.swf</action>
      <x>439.6</x>
      <y>297.1</y>
      <xscale>1</xscale>
      <yscale>1</yscale>
      <rotation>0</rotation>
    </char>
    <prop id="PROP11" index="2">
      <file>ugc.378274.swf</file>
      <x>533</x>
      <y>208</y>
      <xscale>1</xscale>
      <yscale>1</yscale>
      <face>1</face>
      <rotation>0</rotation>
    </prop>
    <prop id="PROP74" index="3">
      <file>ugc.378304.swf</file>
      <x>-140.8</x>
      <y>179</y>
      <xscale>1</xscale>
      <yscale>1</yscale>
      <face>1</face>
      <rotation>0</rotation>
    </prop>
    <prop id="PROP85" index="5">
      <file>ugc.386649.swf</file>
      <x>486.2</x>
      <y>326</y>
      <xscale>1</xscale>
      <yscale>1</yscale>
      <face>1</face>
      <rotation>0</rotation>
    </prop>
    <effectAsset id="EFFECT3" themecode="common" index="6">
      <effect x="0" y="0" w="333.7" h="214.8" rotate="0" id="zoom" type="ZOOM" isCut="false"/>
      <x>201</x>
      <y>130.8</y>
      <st dur="0">1</st>
      <et dur="0">19</et>
    </effectAsset>
    <effectAsset id="EFFECT6" themecode="common" index="7">
      <effect x="0" y="0" w="550" h="354" rotate="0" id="earthquake" type="EARTHQUAKE"/>
      <x>26843591.6</x>
      <y>26843567.6</y>
      <st>1</st>
      <et>1</et>
    </effectAsset>
  </scene>
  <scene id="SCENE5" adelay="29" lock="Y" index="5">
    <char id="AVATOR189" index="2">
      <action face="1" motionface="1">ugc.378278.378283.swf</action>
      <x>137.5</x>
      <y>282.6</y>
      <xscale>1</xscale>
      <yscale>1</yscale>
      <rotation>0</rotation>
    </char>
    <char id="AVATOR751" index="3">
      <action face="1" motionface="1">ugc.378278.378557.swf</action>
      <x>521.6</x>
      <y>292.1</y>
      <xscale>1</xscale>
      <yscale>1</yscale>
      <rotation>-0.4</rotation>
    </char>
    <bubbleAsset id="BUBBLE197" index="4">
      <x>134.7</x>
      <y>145.4</y>
      <st>1</st>
      <et>23</et>
      <bubble x="2.9" y="2.2" w="174.2" h="85.7" rotate="0" type="ELLIPSE">
        <body rgb="13434879" alpha="0.9" linergb="0" tailx="30.1" taily="92.8"/>
        <text rgb="0" font="Blambot Casual" size="30" align="center" bold="false" italic="false">Pictures</text>
      </bubble>
    </bubbleAsset>
    <prop id="PROP17" index="1">
      <file>ugc.378274.swf</file>
      <x>533</x>
      <y>207.6</y>
      <xscale>1</xscale>
      <yscale>1</yscale>
      <face>1</face>
      <rotation>0</rotation>
    </prop>
    <effectAsset id="EFFECT3" themecode="common" index="5">
      <effect x="0" y="0" w="227.4" h="146.4" rotate="0" id="zoom" type="ZOOM" isCut="false"/>
      <x>81.2</x>
      <y>149</y>
      <st dur="7">1</st>
      <et dur="0">29</et>
    </effectAsset>
  </scene>
  <scene id="SCENE9" adelay="55" lock="Y" index="6">
    <char id="AVATOR189" index="2">
      <action face="1" motionface="1">ugc.378278.378282.swf</action>
      <x>137.5</x>
      <y>282.6</y>
      <xscale>1</xscale>
      <yscale>1</yscale>
      <rotation>0</rotation>
    </char>
    <bubbleAsset id="BUBBLE197" index="3">
      <x>139.7</x>
      <y>145.4</y>
      <st>1</st>
      <et>49</et>
      <bubble x="5.9" y="-5.8" w="168.2" h="101.8" rotate="0" type="ELLIPSE">
        <body rgb="13434879" alpha="0.9" linergb="0" tailx="30.1" taily="92.8"/>
        <text rgb="0" font="Blambot Casual" size="29" align="center" bold="false" italic="false"/>
      </bubble>
    </bubbleAsset>
    <bubbleAsset id="BUBBLE203" index="4">
      <x>236.5</x>
      <y>188.1</y>
      <st>18</st>
      <et>49</et>
      <bubble x="0" y="0" w="66.4" h="33.2" rotate="0" type="BLANK">
        <body rgb="16777215" alpha="0.9" linergb="0" tailx="66.4" taily="40.6"/>
        <text rgb="65382" font="BadaBoom BB" size="31" align="center" bold="false" italic="false">s</text>
      </bubble>
    </bubbleAsset>
    <bubbleAsset id="BUBBLE205" index="5">
      <x>221.2</x>
      <y>193.4</y>
      <st>13</st>
      <et>49</et>
      <bubble x="1.4" y="0.7" w="63.6" h="31.8" rotate="0" type="BLANK">
        <body rgb="16777215" alpha="0.9" linergb="0" tailx="66.4" taily="40.6"/>
        <text rgb="10040166" font="BadaBoom BB" size="29" align="center" bold="false" italic="false">r</text>
      </bubble>
    </bubbleAsset>
    <bubbleAsset id="BUBBLE204" index="6">
      <x>210.7</x>
      <y>188.6</y>
      <st>8</st>
      <et>49</et>
      <bubble x="1.6" y="0.8" w="63.3" h="31.6" rotate="0" type="BLANK">
        <body rgb="16777215" alpha="0.9" linergb="0" tailx="66.4" taily="40.6"/>
        <text rgb="3381759" font="BadaBoom BB" size="29" align="center" bold="false" italic="false">e</text>
      </bubble>
    </bubbleAsset>
    <bubbleAsset id="BUBBLE206" index="7">
      <x>196.5</x>
      <y>193.9</y>
      <st>4</st>
      <et>49</et>
      <bubble x="1.5" y="0.7" w="63.4" h="31.7" rotate="0" type="BLANK">
        <body rgb="16777215" alpha="0.9" linergb="0" tailx="66.4" taily="40.6"/>
        <text rgb="52428" font="BadaBoom BB" size="29" align="center" bold="false" italic="false">s</text>
      </bubble>
    </bubbleAsset>
    <bubbleAsset id="BUBBLE199" index="8">
      <x>169.1</x>
      <y>189.7</y>
      <st>1</st>
      <et>49</et>
      <bubble x="-0.1" y="0" w="66.6" h="33.3" rotate="0" type="BLANK">
        <body rgb="16777215" alpha="0.9" linergb="0" tailx="66.4" taily="40.6"/>
        <text rgb="16711680" font="BadaBoom BB" size="31" align="center" bold="false" italic="false">L</text>
      </bubble>
    </bubbleAsset>
    <bubbleAsset id="BUBBLE1014" index="9">
      <x>188.5</x>
      <y>149.3</y>
      <st>1</st>
      <et>49</et>
      <bubble x="0" y="0" w="92.5" h="46.3" rotate="0" type="BLANK">
        <body rgb="16777215" alpha="0.9" linergb="0" tailx="92.5" taily="56.5"/>
        <text rgb="0" font="Blambot Casual" size="26" align="center" bold="false" italic="false">are for</text>
      </bubble>
    </bubbleAsset>
    <bubbleAsset id="BUBBLE202" index="10">
      <x>181.9</x>
      <y>193.6</y>
      <st>1</st>
      <et>49</et>
      <bubble x="3" y="1.5" w="60.4" h="30.2" rotate="0" type="BLANK">
        <body rgb="16777215" alpha="0.9" linergb="0" tailx="66.4" taily="40.6"/>
        <text rgb="16763904" font="BadaBoom BB" size="28" align="center" bold="false" italic="false">o</text>
      </bubble>
    </bubbleAsset>
    <prop id="PROP17" index="1">
      <file>ugc.378274.swf</file>
      <x>533</x>
      <y>207.6</y>
      <xscale>1</xscale>
      <yscale>1</yscale>
      <face>1</face>
      <rotation>0</rotation>
    </prop>
    <effectAsset id="EFFECT3" themecode="common" index="11">
      <effect x="0" y="0" w="282.7" h="181.9" rotate="0" id="zoom" type="ZOOM" isCut="false"/>
      <x>47</x>
      <y>149.3</y>
    </effectAsset>
  </scene>
  <scene id="SCENE10" adelay="60" lock="N" index="7">
    <char id="AVATOR189" index="2">
      <action face="1" motionface="1">ugc.378278.378282.swf</action>
      <x>137.5</x>
      <y>282.6</y>
      <xscale>1</xscale>
      <yscale>1</yscale>
      <rotation>0</rotation>
    </char>
    <char id="AVATOR127" index="9">
      <action face="-1" motionface="1">ugc.378278.378287.swf</action>
      <x>439.6</x>
      <y>300.1</y>
      <xscale>1</xscale>
      <yscale>1</yscale>
      <rotation>0</rotation>
    </char>
    <bubbleAsset id="BUBBLE197" index="3">
      <x>134.7</x>
      <y>145.4</y>
      <st>1</st>
      <et>47</et>
      <bubble x="2.9" y="2.2" w="174.2" h="85.7" rotate="0" type="ELLIPSE">
        <body rgb="13434879" alpha="0.9" linergb="0" tailx="30.1" taily="92.8"/>
        <text rgb="0" font="Blambot Casual" size="18" align="center" bold="false" italic="false">Pictures are for                  !</text>
      </bubble>
    </bubbleAsset>
    <bubbleAsset id="BUBBLE203" index="4">
      <x>236.5</x>
      <y>188.1</y>
      <bubble x="0" y="0" w="66.4" h="33.2" rotate="0" type="BLANK">
        <body rgb="16777215" alpha="0.9" linergb="0" tailx="66.4" taily="40.6"/>
        <text rgb="65382" font="BadaBoom BB" size="31" align="center" bold="false" italic="false">s</text>
      </bubble>
    </bubbleAsset>
    <bubbleAsset id="BUBBLE205" index="5">
      <x>221.2</x>
      <y>193.4</y>
      <bubble x="1.4" y="0.7" w="63.6" h="31.8" rotate="0" type="BLANK">
        <body rgb="16777215" alpha="0.9" linergb="0" tailx="66.4" taily="40.6"/>
        <text rgb="10040166" font="BadaBoom BB" size="29" align="center" bold="false" italic="false">r</text>
      </bubble>
    </bubbleAsset>
    <bubbleAsset id="BUBBLE204" index="6">
      <x>210.7</x>
      <y>188.6</y>
      <bubble x="1.6" y="0.8" w="63.3" h="31.6" rotate="0" type="BLANK">
        <body rgb="16777215" alpha="0.9" linergb="0" tailx="66.4" taily="40.6"/>
        <text rgb="3381759" font="BadaBoom BB" size="29" align="center" bold="false" italic="false">e</text>
      </bubble>
    </bubbleAsset>
    <bubbleAsset id="BUBBLE206" index="7">
      <x>196.5</x>
      <y>193.9</y>
      <st>1</st>
      <et>45</et>
      <bubble x="1.5" y="0.7" w="63.4" h="31.7" rotate="0" type="BLANK">
        <body rgb="16777215" alpha="0.9" linergb="0" tailx="66.4" taily="40.6"/>
        <text rgb="52428" font="BadaBoom BB" size="29" align="center" bold="false" italic="false">s</text>
      </bubble>
    </bubbleAsset>
    <bubbleAsset id="BUBBLE199" index="8">
      <x>169.1</x>
      <y>189.7</y>
      <bubble x="-0.1" y="0" w="66.6" h="33.3" rotate="0" type="BLANK">
        <body rgb="16777215" alpha="0.9" linergb="0" tailx="66.4" taily="40.6"/>
        <text rgb="16711680" font="BadaBoom BB" size="31" align="center" bold="false" italic="false">L</text>
      </bubble>
    </bubbleAsset>
    <bubbleAsset id="BUBBLE202" index="10">
      <x>181.9</x>
      <y>193.6</y>
      <bubble x="3" y="1.5" w="60.4" h="30.2" rotate="0" type="BLANK">
        <body rgb="16777215" alpha="0.9" linergb="0" tailx="66.4" taily="40.6"/>
        <text rgb="16763904" font="BadaBoom BB" size="28" align="center" bold="false" italic="false">o</text>
      </bubble>
    </bubbleAsset>
    <prop id="PROP17" index="1">
      <file>ugc.378274.swf</file>
      <x>533</x>
      <y>207.6</y>
      <xscale>1</xscale>
      <yscale>1</yscale>
      <face>1</face>
      <rotation>0</rotation>
    </prop>
    <effectAsset id="EFFECT3" themecode="common" index="11">
      <effect x="0" y="0" w="52.3" h="33.7" rotate="0" id="zoom" type="ZOOM" isCut="false"/>
      <x>404.4</x>
      <y>292.6</y>
      <st dur="36">1</st>
      <et dur="0">60</et>
    </effectAsset>
  </scene>
  <scene id="SCENE11" adelay="38" lock="Y" index="8">
    <char id="AVATOR127" index="2">
      <action face="-1" motionface="1">ugc.378278.378287.swf</action>
      <x>439.6</x>
      <y>300.1</y>
      <xscale>1</xscale>
      <yscale>1</yscale>
      <rotation>0</rotation>
    </char>
    <prop id="PROP17" index="1">
      <file>ugc.378274.swf</file>
      <x>530.5</x>
      <y>205.8</y>
      <xscale>1</xscale>
      <yscale>1</yscale>
      <face>1</face>
      <rotation>0</rotation>
    </prop>
    <effectAsset id="EFFECT3" themecode="common" index="3">
      <effect x="0" y="0" w="204.6" h="131.7" rotate="0" id="zoom" type="ZOOM" isCut="false"/>
      <x>339.3</x>
      <y>162.7</y>
      <st dur="36">1</st>
      <et dur="0">38</et>
    </effectAsset>
  </scene>
  <scene id="SCENE12" adelay="108" lock="Y" index="9">
    <char id="AVATOR145" index="2">
      <action face="1" motionface="1">ugc.378278.378286.swf</action>
      <x>450.6</x>
      <y>283.6</y>
      <xscale>1</xscale>
      <yscale>1</yscale>
      <rotation>0</rotation>
    </char>
    <bubbleAsset id="BUBBLE312" index="3">
      <x>394.9</x>
      <y>187.1</y>
      <st>1</st>
      <et>94</et>
      <bubble x="-42.5" y="-22.4" w="122" h="63.2" rotate="0" type="ROUNDRECTANGULAR">
        <body rgb="16764159" alpha="0.9" linergb="0" tailx="44.2" taily="53.6"/>
        <text rgb="0" font="Tokyo Robot Intl BB" size="11" align="center" bold="false" italic="false">It's too bad you're not                
                    like me!</text>
      </bubble>
    </bubbleAsset>
    <bubbleAsset id="BUBBLE952" index="4">
      <x>382.8</x>
      <y>186.6</y>
      <st>13</st>
      <et>95</et>
      <bubble x="-0.1" y="1.3" w="67.9" h="31.7" rotate="0" type="BLANK">
        <body rgb="16777215" alpha="0.9" linergb="0" tailx="67" taily="40.9"/>
        <text rgb="13434624" font="Blambot Casual" size="14" align="center" bold="false" italic="false">animated</text>
      </bubble>
    </bubbleAsset>
    <bubbleAsset id="BUBBLE953" index="5">
      <x>382</x>
      <y>186.3</y>
      <st>12</st>
      <et>94</et>
      <bubble x="0.4" y="2.7" w="66.5" h="28.5" rotate="0" type="BLANK">
        <body rgb="16777215" alpha="0.9" linergb="0" tailx="67" taily="40.9"/>
        <text rgb="52326" font="Blambot Casual" size="14" align="center" bold="false" italic="false">animated</text>
      </bubble>
    </bubbleAsset>
    <prop id="PROP17" index="1">
      <file>ugc.378274.swf</file>
      <x>530.5</x>
      <y>205.8</y>
      <xscale>1</xscale>
      <yscale>1</yscale>
      <face>1</face>
      <rotation>0</rotation>
    </prop>
    <effectAsset id="EFFECT3" themecode="common" index="6">
      <effect x="0" y="0" w="204.6" h="131.7" rotate="0" id="zoom" type="ZOOM" isCut="false"/>
      <x>339.3</x>
      <y>162.7</y>
    </effectAsset>
  </scene>
  <scene id="SCENE14" adelay="7" lock="Y" index="10">
    <char id="AVATOR145" index="2">
      <action face="-1" motionface="1">ugc.378278.378286.swf</action>
      <head id="PROP41">
        <file>ugc.378458.swf</file>
      </head>
      <x>450.6</x>
      <y>283.6</y>
      <xscale>1</xscale>
      <yscale>1</yscale>
      <rotation>0</rotation>
    </char>
    <prop id="PROP17" index="1">
      <file>ugc.378274.swf</file>
      <x>530.5</x>
      <y>205.8</y>
      <xscale>1</xscale>
      <yscale>1</yscale>
      <face>1</face>
      <rotation>0</rotation>
    </prop>
    <effectAsset id="EFFECT3" themecode="common" index="3">
      <effect x="0" y="0" w="192.2" h="123.7" rotate="0" id="zoom" type="ZOOM" isCut="false"/>
      <x>352.5</x>
      <y>171.7</y>
      <st dur="7">1</st>
      <et dur="0">7</et>
    </effectAsset>
  </scene>
  <scene id="SCENE13" adelay="65" lock="Y" index="11">
    <char id="AVATOR145" index="4">
      <action face="-1,-1" motionface="1">ugc.378278.378289.swf</action>
      <head id="PROP35">
        <file>ugc.378458.swf</file>
      </head>
      <x>450.6,299.6</x>
      <y>283.6,283.6</y>
      <xscale>1,1</xscale>
      <yscale>1,1</yscale>
      <rotation>0,0</rotation>
    </char>
    <prop id="PROP17" index="0">
      <file>ugc.378274.swf</file>
      <x>530.5,284.5</x>
      <y>205.8,204.8</y>
      <xscale>1,1</xscale>
      <yscale>1,1</yscale>
      <face>1,1</face>
      <rotation>0,0</rotation>
    </prop>
    <effectAsset id="EFFECT3" themecode="common" index="5">
      <effect x="0" y="0" w="352.2" h="226.7" rotate="0" id="zoom" type="ZOOM" isCut="false"/>
      <x>150.6</x>
      <y>116.2</y>
      <st dur="60">1</st>
      <et dur="0">65</et>
    </effectAsset>
  </scene>
  <scene id="SCENE15" adelay="12" lock="Y" index="12">
    <char id="AVATOR145" index="2">
      <action face="1" motionface="1">ugc.378278.378286.swf</action>
      <x>299.6</x>
      <y>283.6</y>
      <xscale>1</xscale>
      <yscale>1</yscale>
      <rotation>0</rotation>
    </char>
    <prop id="PROP17" index="1">
      <file>ugc.378274.swf</file>
      <x>284.5</x>
      <y>204.8</y>
      <xscale>1</xscale>
      <yscale>1</yscale>
      <face>1</face>
      <rotation>0</rotation>
    </prop>
    <effectAsset id="EFFECT3" themecode="common" index="3">
      <effect x="0" y="0" w="352.2" h="226.7" rotate="0" id="zoom" type="ZOOM" isCut="false"/>
      <x>150.6</x>
      <y>116.2</y>
    </effectAsset>
  </scene>
  <scene id="SCENE17" adelay="12" lock="Y" index="13">
    <char id="AVATOR145" index="2">
      <action face="-1" motionface="1">ugc.378278.378472.swf</action>
      <x>299.6</x>
      <y>283.6</y>
      <xscale>1</xscale>
      <yscale>1</yscale>
      <rotation>0</rotation>
    </char>
    <prop id="PROP17" index="1">
      <file>ugc.378274.swf</file>
      <x>284.5</x>
      <y>204.8</y>
      <xscale>1</xscale>
      <yscale>1</yscale>
      <face>1</face>
      <rotation>0</rotation>
    </prop>
    <effectAsset id="EFFECT3" themecode="common" index="3">
      <effect x="0" y="0" w="352.2" h="226.7" rotate="0" id="zoom" type="ZOOM" isCut="false"/>
      <x>150.6</x>
      <y>116.2</y>
      <st dur="0">1</st>
      <et dur="0">12</et>
    </effectAsset>
  </scene>
  <scene id="SCENE19" adelay="17" lock="Y" index="14">
    <char id="AVATOR145" index="2">
      <action face="1" motionface="1">ugc.378278.378472.swf</action>
      <x>305.6</x>
      <y>283.6</y>
      <xscale>1</xscale>
      <yscale>1</yscale>
      <rotation>0</rotation>
    </char>
    <prop id="PROP17" index="1">
      <file>ugc.378274.swf</file>
      <x>284.5</x>
      <y>204.8</y>
      <xscale>1</xscale>
      <yscale>1</yscale>
      <face>1</face>
      <rotation>0</rotation>
    </prop>
    <effectAsset id="EFFECT3" themecode="common" index="3">
      <effect x="0" y="0" w="352.2" h="226.7" rotate="0" id="zoom" type="ZOOM" isCut="false"/>
      <x>150.6</x>
      <y>116.2</y>
      <st dur="0">1</st>
      <et dur="0">17</et>
    </effectAsset>
  </scene>
  <scene id="SCENE16" adelay="7" lock="Y" index="15">
    <char id="AVATOR145" index="4">
      <action face="1,1" motionface="1">ugc.378278.378472.swf</action>
      <x>299.6,294.6</x>
      <y>283.6,490.6</y>
      <xscale>1,1</xscale>
      <yscale>1,1</yscale>
      <rotation>0,0</rotation>
    </char>
    <prop id="PROP17" index="0">
      <file>ugc.378274.swf</file>
      <x>284.5,281.5</x>
      <y>204.8,343.8</y>
      <xscale>1,1</xscale>
      <yscale>1,1.75</yscale>
      <face>1,1</face>
      <rotation>0,0</rotation>
    </prop>
    <effectAsset id="EFFECT3" themecode="common" index="5">
      <effect x="0" y="0" w="352.2" h="226.7" rotate="0" id="zoom" type="ZOOM" isCut="false"/>
      <x>150.6</x>
      <y>116.2</y>
      <st dur="5">1</st>
      <et dur="0">7</et>
    </effectAsset>
    <effectAsset id="EFFECT8" index="6">
      <effect id="378470.swf" type="ANIME"/>
      <x>47</x>
      <y>24</y>
      <xscale>1</xscale>
      <yscale>1</yscale>
      <st>2</st>
      <et>7</et>
      <file>ugc.378470.swf</file>
    </effectAsset>
  </scene>
  <scene id="SCENE39" adelay="31" lock="Y" index="16">
    <prop id="PROP87" index="1">
      <file>ugc.386649.swf</file>
      <x>544.2</x>
      <y>361</y>
      <xscale>1</xscale>
      <yscale>1</yscale>
      <face>1</face>
      <rotation>0</rotation>
    </prop>
    <effectAsset id="EFFECT16" index="2">
      <effect id="378470.swf" type="ANIME"/>
      <x>47</x>
      <y>24</y>
      <xscale>1</xscale>
      <yscale>1</yscale>
      <file>ugc.378470.swf</file>
    </effectAsset>
  </scene>
  <scene id="SCENE18" adelay="146" lock="Y" index="17">
    <char id="AVATOR947" index="3">
      <action face="1" motionface="1">ugc.378278.378280.swf</action>
      <x>559.6</x>
      <y>283.1</y>
      <xscale>0.71</xscale>
      <yscale>0.71</yscale>
      <rotation>0</rotation>
    </char>
    <char id="AVATOR945" index="4">
      <action face="1" motionface="1">ugc.378278.378281.swf</action>
      <x>399.6</x>
      <y>284.1</y>
      <xscale>0.68</xscale>
      <yscale>0.68</yscale>
      <rotation>0</rotation>
    </char>
    <char id="AVATOR949" index="6">
      <action face="1" motionface="1">ugc.378278.378508.swf</action>
      <x>464.6</x>
      <y>300.1</y>
      <xscale>0.94</xscale>
      <yscale>0.94</yscale>
      <rotation>0</rotation>
    </char>
    <prop id="PROP79" index="1">
      <file>ugc.378274.swf</file>
      <x>322.5</x>
      <y>157.8</y>
      <xscale>1</xscale>
      <yscale>1.44</yscale>
      <face>1</face>
      <rotation>0</rotation>
    </prop>
    <prop id="PROP69" index="2">
      <file>ugc.386670.swf</file>
      <x>244.2</x>
      <y>111</y>
      <xscale>1</xscale>
      <yscale>1</yscale>
      <face>1</face>
      <rotation>0</rotation>
    </prop>
    <prop id="PROP91" index="5">
      <file>ugc.386649.swf</file>
      <x>544.2</x>
      <y>361</y>
      <xscale>1</xscale>
      <yscale>1</yscale>
      <face>1</face>
      <rotation>0</rotation>
    </prop>
    <effectAsset id="EFFECT14" index="7">
      <effect id="378687.swf" type="ANIME"/>
      <x>47</x>
      <y>24</y>
      <xscale>1</xscale>
      <yscale>1</yscale>
      <file>ugc.378687.swf</file>
    </effectAsset>
    <effectAsset id="EFFECT16" index="8">
      <effect id="378470.swf" type="ANIME"/>
      <x>47</x>
      <y>24</y>
      <xscale>1</xscale>
      <yscale>1</yscale>
      <file>ugc.378470.swf</file>
    </effectAsset>
  </scene>
  <scene id="SCENE30" adelay="259" lock="Y" index="18">
    <char id="AVATOR498" index="3">
      <action face="1" motionface="1">ugc.378278.378280.swf</action>
      <x>559.6</x>
      <y>283.1</y>
      <xscale>0.71</xscale>
      <yscale>0.71</yscale>
      <rotation>0</rotation>
    </char>
    <char id="AVATOR491" index="4">
      <action face="1" motionface="1">ugc.378278.378281.swf</action>
      <x>399.6</x>
      <y>284.1</y>
      <xscale>0.68</xscale>
      <yscale>0.68</yscale>
      <rotation>0</rotation>
    </char>
    <char id="AVATOR411" index="5">
      <action face="1" motionface="1">ugc.378278.378508.swf</action>
      <x>464.6</x>
      <y>300.1</y>
      <xscale>0.94</xscale>
      <yscale>0.94</yscale>
      <rotation>0</rotation>
    </char>
    <prop id="PROP79" index="1">
      <file>ugc.378274.swf</file>
      <x>321.5</x>
      <y>157.8</y>
      <xscale>1</xscale>
      <yscale>1.44</yscale>
      <face>1</face>
      <rotation>0</rotation>
    </prop>
    <prop id="PROP84" index="2">
      <file>ugc.386670.swf</file>
      <x>244.2</x>
      <y>111</y>
      <xscale>1</xscale>
      <yscale>1</yscale>
      <face>1</face>
      <rotation>0</rotation>
    </prop>
    <prop id="PROP91" index="6">
      <file>ugc.386649.swf</file>
      <x>544.2</x>
      <y>361</y>
      <xscale>1</xscale>
      <yscale>1</yscale>
      <face>1</face>
      <rotation>0</rotation>
    </prop>
    <prop id="PROP104" index="7">
      <file>ugc.378683.swf</file>
      <x>327.8</x>
      <y>323.8</y>
      <xscale>0.83</xscale>
      <yscale>0.83</yscale>
      <face>1</face>
      <rotation>0</rotation>
    </prop>
    <effectAsset id="EFFECT14" index="8">
      <effect id="378687.swf" type="ANIME"/>
      <x>47</x>
      <y>24</y>
      <xscale>1</xscale>
      <yscale>1</yscale>
      <file>ugc.378687.swf</file>
    </effectAsset>
  </scene>
  <sound id="SOUND0" index="0" track="0" vol="1">
    <sfile>common.Comical_Playful.mp3</sfile>
    <start>1</start>
    <stop>1066</stop>
  </sound>
</film>
