<?xml version="1.0" encoding="utf-8"?>
<theme id="ugc" name="ugc">
    <char id="378278" name="happybunny" facing="left" thumb="378283.swf" default="378283.swf"><action subtype="" id="378279.swf" name="hit_with_hammer" enable="N" enc_asset_id="0fP4ckcmtth0" signature="T+b0wWSn3bQcrEe0fjW2wwAnEGjicPOwnq3D8Fb6pHa6Cnzp_gpkaFsJm9sbQQWrPuZYBURe4opeSLbFCUea7xTuORVm3c9eD7_8t8DV8_e00BLHK1Ylaht3KtlT6pMUSHD6iiqz_1FFgW7xonv5dUsO+Meoh1Pwvzm0PZlwVMFygzzg2+iGp9nPyS"/><action subtype="" id="378280.swf" name="guitar" enable="Y" enc_asset_id="0_GLL8xL4JZY" signature="CqnUevx2cu3AxxUAuP0vkAcW+kXM_+7WuUOiUcZg+7NGjk1LRq1zXXXWMuA0CF1UJNGOh8J3rGM8my_Hwsbn8E+sae7DjTUVJJuxUFXX5HRqHwsiSl36pLXlb1fDM40sVGxl5hNmz76lLVGj0PrMY2jt4B0aU62Aiu670VOvNawTkROS+xVYssHbdQ"/><action subtype="" id="378281.swf" name="dance" enable="Y" enc_asset_id="0uet4LvjevoQ" signature="apY_+uYgqrv3pqyTTOswFQWF7CKJyS_vAuQHXwl5iRlMPro6fiSwdcK6keFcZTkbcGyvHTPb9fs2MNuE2ra5kffbEhGUEemHLLBwEB386f0y+sPnZN7wwS3hGMNRplI7qrTIFvj12EJXpubtBbeTmVR4KbbXWSJ7X+8sYP36NycCEa_Pxn5eetN58r"/><action subtype="" id="378282.swf" name="fart" enable="Y" enc_asset_id="0kig4T0F11wM" signature="lWsC2TEBp5N9m4bunhpg7AgbzdIFDGGReSsoS_pi5Tv6bSmD15w9ZsVXuMEKXxKwny6e3eCV2jd3A7757ZdDE9mvYff8D4iv8g5UWgaWTGrG9Bl8CyxBb5mJbG03U44OtsPV0shuxdt6wJihzyTgnsEa6PWLsFZBcMsAsgXGnr7hGkWLN9AAsZTOtk"/><action subtype="" id="378283.swf" name="standing" enable="Y" enc_asset_id="0zaZ0dZtZlUM" signature="XbXgmVO7yK4q3FAps1maHwfDBOGTU54F7JrJfmse05A7ppAOucpnDhtt4DJ5bfbLDwC1ZksuTfn22gJ5uJLhZh7qAD92iSjj9HALz3MJLgu62Aur15H7NLtOSC6yDRipikRNow3Qzr4ftXgpGn_K8vSOOmE3v2rNsUjrcsnNAc81rkDlvTAOAf6oQm"/><action subtype="" id="378284.swf" name="dance" enable="Y" enc_asset_id="0DFLaSDUK6EU" signature="sGaOD6e8AnEzi_Jp1+A7gAWhXExNRmEtPuQ5G5FcOmX53XJwEWV2DKC_W8kj6OuYbxHp5WTcpsWakuyGYiEQVicAVatv7QjbQS0st0N0NENe4RzusgkZkuRsBgoq6LhQM4CriiOTaRPEnbrSHu1AHWzEwPzfdjyF+AC524qFp5ip1zsjbqHxUDvu0D"/><action subtype="" id="378285.swf" name="happy" enable="Y" enc_asset_id="0QxbsUo0-uoM" signature="14eOFkQ8RAcSSyLcRAGYGQyS1dbvx6RG2pDinyvGQi_QX0xOusJDe4kJa1ceAN_NDMo6OcTc7jXgppsbm4T2powivbmHH4j+mcnvlRno6YaWdjNvPE3w+_4IzN3pdlMm1mJoS990O+SiUW1joQpFQFpIyXxA8q+oxt954_suzMXTtVo4iENtDTCbG1"/><action subtype="" id="378286.swf" name="make_fun_of" enable="Y" enc_asset_id="0t3C_9Q470ps" signature="Q91rwDm2VU8iU38ERhF6KAxBhSELUdsFLUQo2C_40uoBBRntbDRIWZ7_a56giUhSicNstoAwxEjWxCQe7nRTaMhOabafqigA6SLenJIDWOaqXeXvOH_eZbF95sx7x3KiTV8KdQtEzIT+ZmU5O3mQzzmMNtbp4Sp8i9K9H5YR7JzN66pwEnm0b9yvyU"/><action subtype="" id="378287.swf" name="show_butt" enable="Y" enc_asset_id="0IlUk5R5eYz8" signature="nXYu3GERokW4FARZUD48wQOBy3SXl8kbdE1jpDToqUucjtAKArVi6v1jBtwNtXx191FV0Q162FGkUL_PGRlM2hjCFM6vwEcvJhTeBaK10we+XYU3FqRDz2TO1OPiuG4vEZhwOpoxO4sorWero5CsVGs9UUpDVSjarO6bg7Tjs3hB6LPMDsaKscEo44"/><action subtype="" id="378288.swf" name="tag_wall" enable="N" enc_asset_id="09yhtY76l9OA" signature="6k5Kmi8phVF9M0ZSa+1cHgW9Xe9t5KLg8QvR2LcsW0LaCkSNpQTmakiD8wMLJWca6sx4wUbr0G0oRdQ+tYF6KDa5bxEiq9kPFsRqkO5jxsIkuQyRa05FOkvO_xtNW_uXOUxC44s95caBurgYUEMM5sNCCoVcDZt+xN2OtRVpcxDq77fowUeIuPHqtw"/><action subtype="" id="378289.swf" name="walk" enable="Y" enc_asset_id="0eP77S_O-XvI" signature="l88+HbtdJTzJTufrAYLMbwiewTHvbIa0IaIgl7NNfqGxHSKzkQhAxPAAKO8VB5Lp9lLuyAaQkkxqCu17hoo1X0V1FCQIj+v5mUgqtINnwLqkgB6P4AdCcV80r7hc+aDukSPLUB_dGOgwyduES1wgNRuDCda3FEmh+I_lOCBnFy8jcI_samMyhO9jPX"/><action subtype="" id="378320.swf" name="hit_with_hammer" enable="N" enc_asset_id="0AlxLB5Gpeyk" signature="rkftYG9wzcPf5kaqFPcfsQVCxUEuNpBnByNqXgDuQrAPF6g_NTunuij5pYgDhoYEA3oC0Vby7QDQ3fhCkTTxwTxcn2VmFGXqjxG+b36fSFfsBcQj6VeaJpxQVFlt8oIRgRk2+IDc3jagVVxTo6ARi5+EBuUYMNRgnXb_gVLRmYunk2oxb6O98njmau"/><action subtype="" id="378323.swf" name="hit_with_hammer" enable="N" enc_asset_id="0ItJoalVv6qs" signature="p4TDDnzlxt5Imf7ItjFP8QvMMxTjQFYYY5bVaQxQqkuHZ7jqx174Fi+oo7mIft6czAYmxNslX64ZCMTURNz9XDZMYZ1pGzs0dWILLi3nFAahFCiG28HF2LssMLyoVV4LyMUjnfyiuZwqygCcIePH68cNk+6p8tv0Pt96J46+Vpq2_t9STOHcrMKb5V"/><action subtype="" id="378351.swf" name="hit_with_hammer" enable="Y" enc_asset_id="0nB9Q6Haq4Wc" signature="gOOFrWxRleEqLMFJOBqYhAAJR2bg4qa7dOJdGRs1oDGnPbrhZ5EsBsmCzJ+mwJbt3acBekg_uFEI70V1BF9KjEArFPmCZ+kIZzY4wpXh7a3Nr668gXhOO7Foi8wXrDBSbPVAc76ZJ7B5q1pvu1Ex1sNToaK+JC8Mw0yZ_z56TgJ7Rw6EQFsW2dVQCz"/><action subtype="" id="378472.swf" name="tag_wall" enable="Y" enc_asset_id="08FNB-4Djs08" signature="MwlFjOD0htyJlIF+CQPGCAsoW146_EkzMV3zML4NsZ+lfITz_lcBBGaYW4mZqw5TgmDED4KFhidq5v7MtaX5b0Sb+UHdyU0FbbLDiUnN3PTB5ocWmYXpIClAbtrks2UbbR9yIYOpADxMlYJfKfGjavf2pVOGx4QHvOFVgRDGxuUQbV2iAOUDU3dXFM"/><action subtype="" id="378508.swf" name="happy" enable="Y" enc_asset_id="0FKD-RQl1Og0" signature="2gPHAxwU4fDecOHLxOY9sADjDwkHiHjT3HE8fQul4UjgspGOVvSsHh4K8_G+RK0f2tRZpBGRTxmNtPcSv6UbYmcHOy5Q0zCCUcI7Bu1S3hVPd2UTTToPChQX4155pe7I_WUXMRlH4iXgWsfva7l7xj9hh_wXtqbx+jmZ9qPg_pdMUtJlZKXhWSDqOY"/><action subtype="" id="378557.swf" name="hit_with_hammer2" enable="Y" enc_asset_id="0F13CamAANA4" signature="LeWs6Vp47rcbvMZYF9WOxwyeZPPraUIH_GwRDVqV7ydvTva95_wYfb7MIhBZleY+fCvu8MV0rN4IUA_ww2WBXdYyit3xm_gQ82wBwTToPWxQkQagPP0TcY8QWXJ_JCKSqZItxUhtaAmGsRGRiqBfBhJiFWQJseAx1Jy3zVfxcpgW8rgiMW+xFxlikd"/></char>
    <prop subtype="0" id="378274.swf" name="hbbg" enable="Y" holdable="0" headable="0" placeable="1" facing="left" width="0" height="0" duration="0" enc_asset_id="08NEYKBHd0Pc" signature="i60yxgDAtfDqzs8llSvl8ALbUx7DHV_7BApQR1KkVTzzyzT_K+bSiP6k1kMaDVSTgc7CWpJSOS4eVBd_0xpZNAKX4HVpn9m985xzejC+QZs5nWLfC+Kjy9WHmh7fna8020yzObzyKbZuq1FLS_N6YNb4fXrkIuwxZg6391kZGBes6ZFecPwMg3zJwO"/>
    <prop subtype="0" id="378304.swf" name="poster2" enable="Y" holdable="0" headable="0" placeable="1" facing="left" width="0" height="0" duration="0" enc_asset_id="0tRXE2E7r0GI" signature="EUmlM3lv8dNX4+AOAjxByAMETA8yo15TSv36J4ynf5NIXif32ymH1B8ITnox1dGQtnBTqQjLQWnsskrtCOIk9_+3NGhovWYkr4i_1iRfVPIFP6zyPpBKDBJquLC7xVWR+XtK35l9noLHMw4bZHiJROXnc6jL5Bgr55TPlmfuF_0wP+m2nMAnlEwF7m"/>
    <prop subtype="0" id="378458.swf" name="head_happy" enable="Y" holdable="0" headable="1" placeable="1" facing="left" width="0" height="0" duration="0" enc_asset_id="09wvbBUWvPWw" signature="igurjCAmvzAennRWyknh2QTiwJLYAMy80GXJ5MPGXoqWveXZXvY2RIowTD6HCaC8At6FZPaEk8AnAM3wxRbRk6GF3pl460ztwGigU+8yvS+ugYC4RjQnJCz8seJzCifAufBqX9mxRvRN2VHmUp+8Xez+FBIyE0HyI0OSyIPgkd7h8IcAtDbmx8Htz1"/>
    <effect subtype="" id="378470.swf" name="tagging" enable="Y" type="ANIME" enc_asset_id="0xOgqhC2nzdw" signature="+x8YxdMCLg_6YUXjsdIqLwD108_EMBmrE1nE5HFXFaMZEWiVcrjHRSbDPBvqrSkQ_uR4n0DyhQaLwfisfvFyTQXlcmfoJLH+k1UDHZbrogNjg8Mii+EtfRTG8+PkhnE0fkjbc0G9dkyYIOQsEyayOwwHLJa+h0Hap5+IDKDpbLvv8sGC9309uDaScR"/>
    <prop subtype="0" id="378683.swf" name="chick_w_t2" enable="Y" holdable="0" headable="0" placeable="1" facing="left" width="0" height="0" duration="0" enc_asset_id="0ufQt6sxUM5s" signature="g0KiYnfyJjG7+Gh4BDemnAvnv9p5aRBblXmEZlKOmXx_6YM272vQQiisbeRFyWUBKaQCi0ULHnTiJdN6sAgGwXyXzidGDAV9iCX957N75QMT8WIlmna4KxuiJqxNSBIxkJbpaIvOzwd+v1Rwe0S2xano9F2+4VnLrZEnBSDXYA+6co1T4a43CJsKdT"/>
    <effect subtype="" id="378687.swf" name="blur" enable="Y" type="ANIME" enc_asset_id="07kLJwyQaOeA" signature="4eAPeVAewPfw8dldutYuRgJF2_MZBioBBgRv6bWVb1ekeje4PweqKgC2fP66xzY_etns6rADijeBkk8CXxPK29pMPj+VmKQpgHNHzrPXYBc8dHzT62zfu6syx969ocVheWgtFTSsdg_eBlr0XmXF0TW1zapbZlxf_0LpgM1Wi1RryPYiX_VFhXv7QZ"/>
    <prop subtype="0" id="386635.swf" name="poster4" enable="Y" holdable="0" headable="0" placeable="1" facing="left" width="0" height="0" duration="0" enc_asset_id="0e8gY-vZiQDA" signature="iPb_g7RXd2Ms6UJJP1DMPwdXE7uV+HMyOc3jyCNs71_kZHzsPqgRD8nECn9pozBORKAzNZYVYpFF4YCYZHc0KOeFcFSy2xMf3vigEj6EVvo_klDh5LR9MXRGQvR1dno0dFjgarbyz763EH2Gv1rX7Ti7or1B9ahicLe2JfuVeIOIRWr1XJth9sxCPm"/>
    <prop subtype="0" id="386649.swf" name="jim3" enable="Y" holdable="0" headable="0" placeable="1" facing="left" width="0" height="0" duration="0" enc_asset_id="0nON60XpYYo4" signature="6RYodD9PSfp971REvm4XhgHsgDWNEs6zagJyP0PR8npY8jWJYnDMnFIkvExLYDxZvfzeILwCH7Vfeu4+KOwH8GArf2KL8mNGrN5SLMiBy7mFHrFnQWki6XXd+MpLuNwOPb4M6hbgOkDY+uSMzVhFsQ4DQNi7oXcOkluIgNe8w69NeYfotcutLewf8="/>
    <prop subtype="0" id="386670.swf" name="banner4" enable="Y" holdable="0" headable="0" placeable="1" facing="left" width="0" height="0" duration="0" enc_asset_id="0DIGJ0PUferQ" signature="7ogd0w+D5t6hfPTBLjOuMQ9mtmS2l0Imv9UwSzew+0grK02qMo1xRoSj9RgI7TEgydy5x3nvQr2MexFNNbxaRuQFay1zd8gjeIkzJmQCPHixUUpOglZ3pwFYrIXPcAUVBP7hgmEeIsPNgD8NUQUdPAJFufGTLglDUdnNhcJR3v1aSrpxN9QdnaQwjf"/>
    <prop subtype="0" id="392349.swf" name="poster9" enable="Y" holdable="0" headable="0" placeable="1" facing="left" width="0" height="0" duration="0" enc_asset_id="0COhasj8DU_A" signature="Rb5w7phGwnjbIE5rVugTsgybFxg_Zq6xVDFegshxHz+XWON9XTNiV8VwFCxR1H+l9ekJSP5nUA1LDofMb3eb6mT4_Abc61y5U3KumibUA8oIqDiHCvAUT5xcsUEBP6cVtFp2mPwLAz3VbngHSrTvcwTHsOJVUlnyL9Dz4HyyuDla+0gT1COkybVnZn"/>
</theme>