<?xml version="1.0"encoding="utf-8"?>
<theme id="ugc" name="ugc"><char id="274508546" cc_theme_id="business"><tags/></char><char id="248089025" cc_theme_id="business"><tags/></char><char id="248088518" cc_theme_id="business"><tags/></char>
    <sound subtype="tts" id="330815316.mp3" name="[Joey] Evil 666." enable="Y" duration="1907" downloadtype="progressive" enc_asset_id="0kLM3ZMvyNmXZBgS1od14mg" signature="bqYBO54XpF56pODf+b1MDQGlpoEyk1zap5jGC7my_Vn3QNBnl4SudgjoFC2ySsY_E_WA8aoTQEUm_f+sA6+FWkUiqPBwwaunzFLNmeALhx6yQOmYZm9JXcx3QBBy4GF9CC1Phy6g_kKaqulcmzIky9b4un+ZGmihHh_ZpAhittgxh2sIaxx8W+Bk5IB_6b"/></theme>